Need apple TV installed|de,es,ja
Internet is not working|de,es,ja
enrolled in bitglass and my SN contacts are not syncing|de,es,ja
Denied access email|de,es,ja
Hi password change not working|de,es,ja
MFA reset|de,es,ja
keychain help|de,es,ja
Continuously getting booted off of Hi and Data center.|de,es,ja
Brood - unable to connect PC to screen|de,es,ja
TV MSJCIT1008794 Not able to connect (I think no Internet access)|de,es,ja
AD password reset & HI password reset|de,es,ja
Need help in updating his AD password|de,es,ja
Windows VM needed to be rejoined to the domain|de,es,ja
No service on mifi|de,es,ja
need international data and calling enabled|de,es,ja
Account Locked / PIN reset|de,es,ja
Called and unable to login because she is locked out of BitLocker|de,es,ja
Course does not complete though having performed all the necessary courses|de,es,ja
DAL20CVPOPSS DNS issue|de,es,ja
got new phone and needs to have OKTA MFA setup|de,es,ja
Called in needing to get his password reset|de,es,ja
Unable to log into machine|de,es,ja
I don't see the phone widget on the finesse screen.|de,es,ja
Unable to login to Email|de,es,ja
Unable to change AD password|de,es,ja
Not able to log in|de,es,ja
after changing password, not able to login|de,es,ja
cannot make call|de,es,ja
Need assistance with Bitglass|de,es,ja
Request for access to "SJC CR D1" training room|de,es,ja
Tech Lounge: Users account locked.|de,es,ja
mouse dongle stuck in usb port|de,es,ja
can't login to machine|de,es,ja
unable to login to bitlocker|de,es,ja
Install on iPhone|de,es,ja
outlook not syncing|de,es,ja
unable to login to jabber on iphone|de,es,ja
SPLI self resgistration not working|de,es,ja
Tech Lounge: Something is broken (Bitglass login and unlock AD account)|de,es,ja
Tech Lounge: Something is broken. global protect keeps coming up on screen|de,es,ja
Bitglass|de,es,ja
Keychain issue - not able to login with new password|de,es,ja
cant connect to wifi on phone |de,es,ja
user resolved on own|de,es,ja
Wifi performance is slow|de,es,ja
forgot bitlocker pin |de,es,ja
Unable to get visual voicemail to work|de,es,ja
Email not syncing |de,es,ja
Tech Lounge: Something is broken. help with email on phone|de,es,ja
Unable to connect to securevpnm |de,es,ja
user logged in and left |de,es,ja
opened ticket then left |de,es,ja
Unable to access Customer 360 anymore|de,es,ja
Display window reporting what she's doing on her machine|de,es,ja
battery replacement |de,es,ja
Outbox wasnt updating in outlook |de,es,ja
locked out|de,es,ja
Machine wont upgrade to Sierra|de,es,ja
Can't login |de,es,ja
user account locked|de,es,ja
Unable to have access email on mobile|de,es,ja
Outlook and other office apps not responding|de,es,ja
Contract extended |de,es,ja
unable to connect to corpvpn|de,es,ja
cannot launch webex|de,es,ja
not able to connect to secure vpn|de,es,ja
Locked out of RSA|de,es,ja
active directory password is locked out|de,es,ja
Tech Lounge: bitlocker encryption|de,es,ja
can't login to machine|de,es,ja
AD account lockout|de,es,ja
Tech Lounge: Something is broken. corpvpn giving  "not able to establish connection to secure gateway"|de,es,ja
Jabber not working |de,es,ja
Machine is stuck at black screen|de,es,ja
need to reinstall adobe pro|de,es,ja
unable to connect to wifi|de,es,ja
unable to login to VM|de,es,ja
Unable to connect to Corp VPN|de,es,ja
screen sharing stopped working to MSJCIT1002666|de,es,ja
Webex Client not Starting|de,es,ja
laptop won't turn on|de,es,ja
CDG-O2-F1-Vendace (9-568.0) Supplies and CRUs Alert Notification|de,es,ja
stuck on windows update |de,es,ja
HR sent mandatory Payment Election task that must be completed in Workday - Everybody in Finland unable to perform|de,es,ja
Called into the queue stating that he is still getting emails stating that he doesn't have Bitglass setup|de,es,ja
Unable to connect to wifi|de,es,ja
Secure VPN Access|de,es,ja
Unable to access a sub-module under Pre-core customer support training but can access the same from "My Plan" list|de,es,ja
Tech Lounge: Something is broken. securevpn not taking new PIN|de,es,ja
Grant Admin Rights on MacBook Air failing to install|de,es,ja
2017 Q1 Entitlement Review - AD Entitlements|de,es,ja
MacBook crashed black screen after startup sound. |de,es,ja
Groups not appearing in O365|de,es,ja
Need an admin right to install a software|de,es,ja
Just got a couple discontinued courses from last summer that I can't get rid of. |de,es,ja
Called in and is getting an error when trying to connect to the VPN|de,es,ja
Unable to access the internet|de,es,ja
Meetings not Syncing|de,es,ja
Tech Lounge: Something is broken. calendar not showing up on phone|de,es,ja
I cannot login |de,es,ja
blocked device|de,es,ja
WebEx "call me" feature doesn't work|de,es,ja
Unable to print|de,es,ja
Tech Lounge: Machine black screen.|de,es,ja
Tech Lounge: Keychain issues.|de,es,ja
Default data|de,es,ja
unable to login , computer password is different then okta|de,es,ja
Unable to Connect to VPN |de,es,ja
machine wont boot |de,es,ja
Unable to scan to email from 4th Floor Printer|de,es,ja
Tech Lounge: Something is broken - Surf issues and permissions issue on external site|de,es,ja
Can't change password|de,es,ja
Need admin creds to install Tableau Update|de,es,ja
Tech Lounge: unable to start SNCA|de,es,ja
Update to Sierra needed |de,es,ja
Computer Kept Shutting Down|de,es,ja
Remind me how to unlock system prefs temporarily?|de,es,ja
ad password expired|de,es,ja
Tech Lounge: Something is broken. update phone number in outlook|de,es,ja
needs assistances requesting corporate phone plan|de,es,ja
User updated OS and now all Webex's created prior to this, she can't edit.|de,es,ja
mobile not turning to landscape mode |de,es,ja
Add printer through Self Service|de,es,ja
Tech Lounge: Something is broken - occasional problems logging in|de,es,ja
Cannot log into a Mac|de,es,ja
can't upgrade OS|de,es,ja
Performance issue right now- Cant sync to SAP  |de,es,ja
RSA Account was locked up and had to resync|de,es,ja
Desk Phones unable to receive calls|de,es,ja
Would like to request a new computer- couldn't see where to request this,so I am opening an incident.|de,es,ja
Employee Instance empmsweetser1 "Suspended"|de,es,ja
Tech Lounge: Something is broken (Battery draining faster than usual)|de,es,ja
Plugin Activation Report (Discovery/Runbook) Created Last Month is blank|de,es,ja
Outlook Client not working inspite of enabling Bitglass MDM|de,es,ja
Can't complete the training|de,es,ja
URGENT - SOW Request in PS line item number LITM2955362  is not populated|de,es,ja
I need Skype and Abobe Connect|de,es,ja
Concur Expense for Airfare hasn't been matched|de,es,ja
Link broken for KB0004719|de,es,ja
My Phone number is "no longer in service"|de,es,ja
Upgrade to Sierra|de,es,ja
During training courses, no videos are showing. |de,es,ja
Need Secure VPN PIN reset|de,es,ja
My mobile Outlook keeps asking me to enter password|de,es,ja
Outlook365 mail blocked on mobile device|de,es,ja
Enterprise Connect Not Working|de,es,ja
my Windows login got locked out|de,es,ja
Monitor not working in A4 Yankees and Athletics |de,es,ja
Tech Lounge: jabber is not populating names|de,es,ja
please reset password for Renewals.apj@servicenow.com mailbox|de,es,ja
Need Okta MFA Reset|de,es,ja
My Google Authenticator needs to be reset|de,es,ja
Tech Lounge: Something is broken. something stuck in USB port|de,es,ja
Not receiving email on my phone|de,es,ja
Password for Outlook keeps popping up|de,es,ja
Repeated AD lockouts|de,es,ja
Blue screen of death |de,es,ja
WebEx PT not working in Outlook|de,es,ja
Outlook slow to respond|de,es,ja
bitlocker recovery key needed |de,es,ja
new hire needs newly imaged machine - current one has terrible performance|de,es,ja
Can't add an user|de,es,ja
Missing network adapters for all CS agents|de,es,ja
machine is frozen|de,es,ja
Returned from LOA and needed to have EM profile setup|de,es,ja